,Neg Words,Weights
0,worst films,-3.050785324388271
1,disappointing film,-2.7135867692814224
2,save movie,-2.6500800344215163
3,worst movies,-2.6383254730489853
4,terrible film,-2.5001826611277096
5,worst ve,-2.4919002446210983
6,terrible movie,-2.48736012982335
7,worst movie,-2.472386533338751
8,just awful,-2.4078557068610618
9,poor script,-2.3127575104134914
