,Neg Words,Weights
0,br br worst,-3.0470854941380803
1,worst movies seen,-2.977736689307657
2,worst movie seen,-2.9675904441084917
3,worst movies ve,-2.8562193313823974
4,worst ve seen,-2.6887856903906022
5,br br awful,-2.596432417892513
6,worst film seen,-2.5811533282768293
7,worst movie ve,-2.5188654182638563
8,don waste time,-2.507591843083474
9,waste time money,-2.507388425383417
