,Neg Words,Weights
0,waste,-2.250112999246336
1,disappointment,-2.1757973198082956
2,mst3k,-2.171389715808617
3,mildly,-1.9521461991071443
4,forgettable,-1.9083305743757548
5,laughable,-1.8964784738131426
6,uninspired,-1.8819265714454854
7,lousy,-1.820625127663292
8,redeeming,-1.773733541755967
9,worst,-1.7491492265148996
